1,John,Doe,M,43,+918765908974,143^ Municipal Indl Estate^ Worli``Mumbai`Maharashtra`400018`India,Cardiologist
2,Isabella,Cullen,F,28,+917645903894,23-D^ Dazllia Street``Mumbai`Maharashtra`400011`India,Physician
3,Rhea,Jain,F,29,+918930281749,143^ Municipal Indl Estate^ Worli``Mumbai`Maharashtra`400018`India,Cardiologist
4,Dhananjay,Dey,M,44,+919248930238,23-D^ Dazllia Street``Mumbai`Maharashtra`400011`India,Psychatrist
5,James,Carwin,M,38,+912849302394,143^ Municipal Indl Estate^ Worli``Mumbai`Maharashtra`400018`India,Neurologist
7,Mark,Andrew,M,32,+912394048304,23-D^ Dazllia Street``Mumbai`Maharashtra`400011`India,Psychatrist
8,Melinda,Andrew,F,44,+919204049034,143^ Municipal Indl Estate^ Worli``Mumbai`Maharashtra`400018`India,Cardiologist
9,Isabella,Carwin,F,29,+913489998309,23-D^ Dazllia Street``Mumbai`Maharashtra`400011`India,Psychatrist
10,Shaun,Murphy,M,45,+918907837486,143^ Municipal Indl Estate^ Worli``Mumbai`Maharashtra`400018`India,Psychatrist
11,Freddie,Johnson,M,29,+912233497837,23-D^ Dazllia Street``Mumbai`Maharashtra`400011`India,Neurologist
12,Regina,Phalange,F,29,+919086748935,143^ Municipal Indl Estate^ Worli``Mumbai`Maharashtra`400018`India,Physician
13,Ken,Adams,M,30,+919987998859,23-D^ Dazllia Street``Mumbai`Maharashtra`400011`India,Physician
14,Monica,Jain,F,32,+919999884758,143^ Municipal Indl Estate^ Worli``Mumbai`Maharashtra`400018`India,ENT
15,Ryan,Mallick,M,34,+919999883748,23-D^ Dazllia Street``Mumbai`Maharashtra`400011`India,ENT
16,Patrick,Stephens,M,39,+912347893048,143^ Municipal Indl Estate^ Worli``Mumbai`Maharashtra`400018`India,Neurologist
17,John,Markson,M,30,+912647893047,23-D^ Dazllia Street``Mumbai`Maharashtra`400011`India,Dermatologist
18,Vishal,Mallick,M,44,+911278903748,143^ Municipal Indl Estate^ Worli``Mumbai`Maharashtra`400018`India,Dentist
19,Vishal,Mallick,M,49,+918038495839,23-D^ Dazllia Street``Mumbai`Maharashtra`400011`India,Dermatologist
20,Kiara,Jain,F,39,+912389475683,143^ Municipal Indl Estate^ Worli``Mumbai`Maharashtra`400018`India,Dermatologist
22,Akshat,Kumar,M,29,+919847583027,23-D^ Dazllia Street``Mumbai`Maharashtra`400011`India,Surgeon
23,Akshay,Agrawal,M,32,+912983746590,143^ Municipal Indl Estate^ Worli``Mumbai`Maharashtra`400018`India,ENT
24,William,Chadwick,M,39,+910937548903,23-D^ Dazllia Street``Mumbai`Maharashtra`400011`India,Surgeon
25,Rishabh,Jain,M,30,+913408759394,143^ Municipal Indl Estate^ Worli``Mumbai`Maharashtra`400018`India,Surgeon
26,Navya,Gupta,M,19,+913490000048,23-D^ Dazllia Street``Mumbai`Maharashtra`400011`India,Dentist
28,Alex,Murphy,M,56,+919988998878,143^ Municipal Indl Estate^ Worli``Mumbai`Maharashtra`400018`India,Dentist
29,Ananya,Srivastav,M,34,+912938883904,23-D^ Dazllia Street``Mumbai`Maharashtra`400011`India,Dermatologist
30,Mohammad,Karimi,M,34,09136802658,Iran Isfahan ,Radiology
